_id,userID,firstName,middleName,lastName,email,password,type,__v
ObjectId(5f9f167a25ecc48b1f7ef12b),11118001,Gajendra,,Bhatia,11118001@college.co,$2a$12$/HJHifEvKyVSqTrm9/rY3.k6DqMG1DOybLBlIVRsQFE9Xr9vfxfIG,Student,0
ObjectId(5f9f167a25ecc48b1f7ef12c),11118002,Irfan,Bilal,Habib,11118002@college.co,$2a$12$/HJHifEvKyVSqTrm9/rY3.k6DqMG1DOybLBlIVRsQFE9Xr9vfxfIG,Student,0
ObjectId(5f9f167a25ecc48b1f7ef12d),11119001,Sheetal,,Desai,11119001@college.co,$2a$12$/HJHifEvKyVSqTrm9/rY3.k6DqMG1DOybLBlIVRsQFE9Xr9vfxfIG,Student,0
ObjectId(5f9f167a25ecc48b1f7ef12e),11118003,Vikas,,Dubey,11118003@college.co,$2a$12$/HJHifEvKyVSqTrm9/rY3.k6DqMG1DOybLBlIVRsQFE9Xr9vfxfIG,Student,0
ObjectId(5f9f167a25ecc48b1f7ef12f),11118004,Pramod,Ranjan,Mishra,11118004@college.co,$2a$12$/HJHifEvKyVSqTrm9/rY3.k6DqMG1DOybLBlIVRsQFE9Xr9vfxfIG,Student,0
ObjectId(5f9f167a25ecc48b1f7ef130),11119003,Mohammed,Asghar,Khan,11119003@college.co,$2a$12$/HJHifEvKyVSqTrm9/rY3.k6DqMG1DOybLBlIVRsQFE9Xr9vfxfIG,Student,0
ObjectId(5f9f167a25ecc48b1f7ef131),11119002,Soham,,Singhal,11119002@college.co,$2a$12$/HJHifEvKyVSqTrm9/rY3.k6DqMG1DOybLBlIVRsQFE9Xr9vfxfIG,Student,0
ObjectId(5f9f167a25ecc48b1f7ef132),11120001,Zorawar,,Hashmi,11120001@college.co,$2a$12$/HJHifEvKyVSqTrm9/rY3.k6DqMG1DOybLBlIVRsQFE9Xr9vfxfIG,Student,0
ObjectId(5f9f167a25ecc48b1f7ef133),11120002,Pritam,Kumar,Banerjee,11120002@college.co,$2a$12$/HJHifEvKyVSqTrm9/rY3.k6DqMG1DOybLBlIVRsQFE9Xr9vfxfIG,Student,0
ObjectId(5f9f167a25ecc48b1f7ef134),11120004,Ketan,,Parikh,11120004@college.co,$2a$12$/HJHifEvKyVSqTrm9/rY3.k6DqMG1DOybLBlIVRsQFE9Xr9vfxfIG,Student,0
ObjectId(5f9f167a25ecc48b1f7ef135),11120003,Payel,,Sorkar,11120003@college.co,$2a$12$/HJHifEvKyVSqTrm9/rY3.k6DqMG1DOybLBlIVRsQFE9Xr9vfxfIG,Student,0
ObjectId(5f9f167a25ecc48b1f7ef136),11120005,Shreya,,Upadhyay,11120005@college.co,$2a$12$/HJHifEvKyVSqTrm9/rY3.k6DqMG1DOybLBlIVRsQFE9Xr9vfxfIG,Student,0
ObjectId(5f9f167a25ecc48b1f7ef137),11120006,Shantilal,,Gokhale,11120006@college.co,$2a$12$/HJHifEvKyVSqTrm9/rY3.k6DqMG1DOybLBlIVRsQFE9Xr9vfxfIG,Student,0
ObjectId(5f9f167a25ecc48b1f7ef138),21195001,Dilshad,,Ahmed,21195001@college.co,$2a$12$/HJHifEvKyVSqTrm9/rY3.k6DqMG1DOybLBlIVRsQFE9Xr9vfxfIG,Teacher,0
ObjectId(5f9f167a25ecc48b1f7ef139),21199002,Jhulan,,Goswami,21199002@college.co,$2a$12$/HJHifEvKyVSqTrm9/rY3.k6DqMG1DOybLBlIVRsQFE9Xr9vfxfIG,Teacher,0
ObjectId(5f9f167a25ecc48b1f7ef13a),21105003,Piu,,Pradhan,21105003@college.co,$2a$12$/HJHifEvKyVSqTrm9/rY3.k6DqMG1DOybLBlIVRsQFE9Xr9vfxfIG,Teacher,0
ObjectId(5f9f167a25ecc48b1f7ef13b),11216001,Meryl,,Jones,11216001@college.co,$2a$12$/HJHifEvKyVSqTrm9/rY3.k6DqMG1DOybLBlIVRsQFE9Xr9vfxfIG,Student,0
ObjectId(5f9f167a25ecc48b1f7ef13c),11216002,Stephen,James,Jacob,11216002@college.co,$2a$12$/HJHifEvKyVSqTrm9/rY3.k6DqMG1DOybLBlIVRsQFE9Xr9vfxfIG,Student,0
ObjectId(5f9f167a25ecc48b1f7ef13d),11216003,Pulkit,,Garg,11216003@college.co,$2a$12$/HJHifEvKyVSqTrm9/rY3.k6DqMG1DOybLBlIVRsQFE9Xr9vfxfIG,Student,0
ObjectId(5f9f167a25ecc48b1f7ef13e),11217001,Karl,Wells,Jacobs,11217001@college.co,$2a$12$/HJHifEvKyVSqTrm9/rY3.k6DqMG1DOybLBlIVRsQFE9Xr9vfxfIG,Student,0
ObjectId(5f9f167a25ecc48b1f7ef13f),11217002,Theodore,,Jones,11217002@college.co,$2a$12$/HJHifEvKyVSqTrm9/rY3.k6DqMG1DOybLBlIVRsQFE9Xr9vfxfIG,Student,0
ObjectId(5f9f167a25ecc48b1f7ef140),11217003,Seema,,Narang,11217003@college.co,$2a$12$/HJHifEvKyVSqTrm9/rY3.k6DqMG1DOybLBlIVRsQFE9Xr9vfxfIG,Student,0
ObjectId(5f9f167a25ecc48b1f7ef141),11217004,Gagan,Pratap,Narang,11217004@college.co,$2a$12$/HJHifEvKyVSqTrm9/rY3.k6DqMG1DOybLBlIVRsQFE9Xr9vfxfIG,Student,0
ObjectId(5f9f167a25ecc48b1f7ef142),11218001,Rahul,,Tyagi,11218001@college.co,$2a$12$/HJHifEvKyVSqTrm9/rY3.k6DqMG1DOybLBlIVRsQFE9Xr9vfxfIG,Student,0
ObjectId(5f9f167a25ecc48b1f7ef143),11218002,Mausumi,,Ghose,11218002@college.co,$2a$12$/HJHifEvKyVSqTrm9/rY3.k6DqMG1DOybLBlIVRsQFE9Xr9vfxfIG,Student,0
ObjectId(5f9f167a25ecc48b1f7ef144),11218003,Prokash,,Mondal,11218003@college.co,$2a$12$/HJHifEvKyVSqTrm9/rY3.k6DqMG1DOybLBlIVRsQFE9Xr9vfxfIG,Student,0
ObjectId(5f9f167a25ecc48b1f7ef145),11219001,Vicky,,Singh,11219001@college.co,$2a$12$/HJHifEvKyVSqTrm9/rY3.k6DqMG1DOybLBlIVRsQFE9Xr9vfxfIG,Student,0
ObjectId(5f9f167a25ecc48b1f7ef146),11219002,Shweta,,Pillai,11219002@college.co,$2a$12$/HJHifEvKyVSqTrm9/rY3.k6DqMG1DOybLBlIVRsQFE9Xr9vfxfIG,Student,0
ObjectId(5f9f167a25ecc48b1f7ef147),11220001,Shaheb,Ranjan,Chowdhury,11220001@college.co,$2a$12$/HJHifEvKyVSqTrm9/rY3.k6DqMG1DOybLBlIVRsQFE9Xr9vfxfIG,Student,0
ObjectId(5f9f167a25ecc48b1f7ef148),21203001,Babasaheb,,Bhandarkar,21203001@college.co,$2a$12$/HJHifEvKyVSqTrm9/rY3.k6DqMG1DOybLBlIVRsQFE9Xr9vfxfIG,Teacher,0
ObjectId(5f9f167a25ecc48b1f7ef149),21200001,Virat,Vishesh,Kulkarni,21200001@college.co,$2a$12$/HJHifEvKyVSqTrm9/rY3.k6DqMG1DOybLBlIVRsQFE9Xr9vfxfIG,Teacher,0
ObjectId(5f9f167a25ecc48b1f7ef14a),11316001,Tulip,,Sinha,11316001@college.co,$2a$12$/HJHifEvKyVSqTrm9/rY3.k6DqMG1DOybLBlIVRsQFE9Xr9vfxfIG,Student,0
ObjectId(5f9f167a25ecc48b1f7ef14b),11316002,Sagar,,Sen,11316002@college.co,$2a$12$/HJHifEvKyVSqTrm9/rY3.k6DqMG1DOybLBlIVRsQFE9Xr9vfxfIG,Student,0
ObjectId(5f9f167a25ecc48b1f7ef14c),11317001,Shailesh,,Kamal,11317001@college.co,$2a$12$/HJHifEvKyVSqTrm9/rY3.k6DqMG1DOybLBlIVRsQFE9Xr9vfxfIG,Student,0
ObjectId(5f9f167a25ecc48b1f7ef14d),11316003,Indra,Pratap,Thakur,11316003@college.co,$2a$12$/HJHifEvKyVSqTrm9/rY3.k6DqMG1DOybLBlIVRsQFE9Xr9vfxfIG,Student,0
ObjectId(5f9f167a25ecc48b1f7ef14e),11317002,Vinayak,,Kumar,11317002@college.co,$2a$12$/HJHifEvKyVSqTrm9/rY3.k6DqMG1DOybLBlIVRsQFE9Xr9vfxfIG,Student,0
ObjectId(5f9f167a25ecc48b1f7ef14f),11318001,Mohammed,Aniqul,Haque,11318001@college.co,$2a$12$/HJHifEvKyVSqTrm9/rY3.k6DqMG1DOybLBlIVRsQFE9Xr9vfxfIG,Student,0
ObjectId(5f9f167a25ecc48b1f7ef150),11318002,Sameena,,Alam,11318002@college.co,$2a$12$/HJHifEvKyVSqTrm9/rY3.k6DqMG1DOybLBlIVRsQFE9Xr9vfxfIG,Student,0
ObjectId(5f9f167a25ecc48b1f7ef151),21301001,Binoy,Kumar,Banerjee,21301001@college.co,$2a$12$/HJHifEvKyVSqTrm9/rY3.k6DqMG1DOybLBlIVRsQFE9Xr9vfxfIG,Teacher,0
ObjectId(5f9f167a25ecc48b1f7ef152),11416001,Mehroum,,Ghani,11416001@college.co,$2a$12$/HJHifEvKyVSqTrm9/rY3.k6DqMG1DOybLBlIVRsQFE9Xr9vfxfIG,Student,0
ObjectId(5f9f167a25ecc48b1f7ef153),21305001,Soumen,,Manna,21305001@college.co,$2a$12$/HJHifEvKyVSqTrm9/rY3.k6DqMG1DOybLBlIVRsQFE9Xr9vfxfIG,Teacher,0
ObjectId(5f9f167a25ecc48b1f7ef154),11416003,Vinay,,Lohia,11416003@college.co,$2a$12$/HJHifEvKyVSqTrm9/rY3.k6DqMG1DOybLBlIVRsQFE9Xr9vfxfIG,Student,0
ObjectId(5f9f167a25ecc48b1f7ef155),11417001,Vinay,,Lokhande,11417001@college.co,$2a$12$/HJHifEvKyVSqTrm9/rY3.k6DqMG1DOybLBlIVRsQFE9Xr9vfxfIG,Student,0
ObjectId(5f9f167a25ecc48b1f7ef156),11416002,Vinay,,Solanki,11416002@college.co,$2a$12$/HJHifEvKyVSqTrm9/rY3.k6DqMG1DOybLBlIVRsQFE9Xr9vfxfIG,Student,0
ObjectId(5f9f167a25ecc48b1f7ef157),11417002,Mandar,,Pokshe,11417002@college.co,$2a$12$/HJHifEvKyVSqTrm9/rY3.k6DqMG1DOybLBlIVRsQFE9Xr9vfxfIG,Student,0
ObjectId(5f9f167a25ecc48b1f7ef158),11417003,Vinay,,Khandelwal,11417003@college.co,$2a$12$/HJHifEvKyVSqTrm9/rY3.k6DqMG1DOybLBlIVRsQFE9Xr9vfxfIG,Student,0
ObjectId(5f9f167a25ecc48b1f7ef159),21406001,Alka,Noor,Mehmoud,21406001@college.co,$2a$12$/HJHifEvKyVSqTrm9/rY3.k6DqMG1DOybLBlIVRsQFE9Xr9vfxfIG,Teacher,0
ObjectId(5f9f167a25ecc48b1f7ef15a),11418001,Alka,,Khan,11418001@college.co,$2a$12$/HJHifEvKyVSqTrm9/rY3.k6DqMG1DOybLBlIVRsQFE9Xr9vfxfIG,Student,0
ObjectId(5f9f167a25ecc48b1f7ef15b),11418002,Alka,,Mirza,11418002@college.co,$2a$12$/HJHifEvKyVSqTrm9/rY3.k6DqMG1DOybLBlIVRsQFE9Xr9vfxfIG,Student,0
ObjectId(5f9f167a25ecc48b1f7ef15c),21415001,Alka,,Banu,21415001@college.co,$2a$12$/HJHifEvKyVSqTrm9/rY3.k6DqMG1DOybLBlIVRsQFE9Xr9vfxfIG,Teacher,0
ObjectId(5f9f167a25ecc48b1f7ef15d),21410001,Alka,,Maryam,21410001@college.co,$2a$12$/HJHifEvKyVSqTrm9/rY3.k6DqMG1DOybLBlIVRsQFE9Xr9vfxfIG,Teacher,0
ObjectId(5f9f167a25ecc48b1f7ef15e),12116001,Alka,,Kashouggi,12116001@college.co,$2a$12$/HJHifEvKyVSqTrm9/rY3.k6DqMG1DOybLBlIVRsQFE9Xr9vfxfIG,Student,0
ObjectId(5f9f167a25ecc48b1f7ef15f),12116002,Alka,,Siddiqi,12116002@college.co,$2a$12$/HJHifEvKyVSqTrm9/rY3.k6DqMG1DOybLBlIVRsQFE9Xr9vfxfIG,Student,0
ObjectId(5f9f167a25ecc48b1f7ef160),12116003,Talat,,Siddiqi,12116003@college.co,$2a$12$/HJHifEvKyVSqTrm9/rY3.k6DqMG1DOybLBlIVRsQFE9Xr9vfxfIG,Student,0
ObjectId(5f9f167a25ecc48b1f7ef161),12116004,Abid,,Siddiqi,12116004@college.co,$2a$12$/HJHifEvKyVSqTrm9/rY3.k6DqMG1DOybLBlIVRsQFE9Xr9vfxfIG,Student,0
ObjectId(5f9f167a25ecc48b1f7ef162),12116005,Amir,,Siddiqi,12116005@college.co,$2a$12$/HJHifEvKyVSqTrm9/rY3.k6DqMG1DOybLBlIVRsQFE9Xr9vfxfIG,Student,0
ObjectId(5f9f167a25ecc48b1f7ef163),12116006,Emir,,Siddiqi,12116006@college.co,$2a$12$/HJHifEvKyVSqTrm9/rY3.k6DqMG1DOybLBlIVRsQFE9Xr9vfxfIG,Student,0
ObjectId(5f9f167a25ecc48b1f7ef164),12117001,Ameer,,Siddiqi,12117001@college.co,$2a$12$/HJHifEvKyVSqTrm9/rY3.k6DqMG1DOybLBlIVRsQFE9Xr9vfxfIG,Student,0
ObjectId(5f9f167a25ecc48b1f7ef165),12117002,Oshman,,Siddiqi,12117002@college.co,$2a$12$/HJHifEvKyVSqTrm9/rY3.k6DqMG1DOybLBlIVRsQFE9Xr9vfxfIG,Student,0
ObjectId(5f9f167a25ecc48b1f7ef166),12117003,Alhabibi,,Siddiqi,12117003@college.co,$2a$12$/HJHifEvKyVSqTrm9/rY3.k6DqMG1DOybLBlIVRsQFE9Xr9vfxfIG,Student,0
ObjectId(5f9f167a25ecc48b1f7ef167),12117004,Mullah,,Siddiqi,12117004@college.co,$2a$12$/HJHifEvKyVSqTrm9/rY3.k6DqMG1DOybLBlIVRsQFE9Xr9vfxfIG,Student,0
ObjectId(5f9f167a25ecc48b1f7ef168),12117005,Benkaloua,Onis,Siddiqi,12117005@college.co,$2a$12$/HJHifEvKyVSqTrm9/rY3.k6DqMG1DOybLBlIVRsQFE9Xr9vfxfIG,Student,0
ObjectId(5f9f167a25ecc48b1f7ef169),12118001,Manas,,Siddiqi,12118001@college.co,$2a$12$/HJHifEvKyVSqTrm9/rY3.k6DqMG1DOybLBlIVRsQFE9Xr9vfxfIG,Student,0
ObjectId(5f9f167a25ecc48b1f7ef16a),12119001,Madaan,,Mitra,12119001@college.co,$2a$12$/HJHifEvKyVSqTrm9/rY3.k6DqMG1DOybLBlIVRsQFE9Xr9vfxfIG,Student,0
ObjectId(5f9f167a25ecc48b1f7ef16b),12119002,Madan,,Mitra,12119002@college.co,$2a$12$/HJHifEvKyVSqTrm9/rY3.k6DqMG1DOybLBlIVRsQFE9Xr9vfxfIG,Student,0
ObjectId(5f9f167a25ecc48b1f7ef16c),12118002,Madan,,Siddiqi,12118002@college.co,$2a$12$/HJHifEvKyVSqTrm9/rY3.k6DqMG1DOybLBlIVRsQFE9Xr9vfxfIG,Student,0
ObjectId(5f9f167a25ecc48b1f7ef16d),12119003,Madan,,Moitra,12119003@college.co,$2a$12$/HJHifEvKyVSqTrm9/rY3.k6DqMG1DOybLBlIVRsQFE9Xr9vfxfIG,Student,0
ObjectId(5f9f167a25ecc48b1f7ef16e),12119004,Madan,,Meitra,12119004@college.co,$2a$12$/HJHifEvKyVSqTrm9/rY3.k6DqMG1DOybLBlIVRsQFE9Xr9vfxfIG,Student,0
ObjectId(5f9f167a25ecc48b1f7ef16f),12119005,Moodan,,Maitra,12119005@college.co,$2a$12$/HJHifEvKyVSqTrm9/rY3.k6DqMG1DOybLBlIVRsQFE9Xr9vfxfIG,Student,0
ObjectId(5f9f167a25ecc48b1f7ef170),12119006,Madan,,Meiitra,12119006@college.co,$2a$12$/HJHifEvKyVSqTrm9/rY3.k6DqMG1DOybLBlIVRsQFE9Xr9vfxfIG,Student,0
ObjectId(5f9f167a25ecc48b1f7ef171),12119007,Maidan,,Meeitra,12119007@college.co,$2a$12$/HJHifEvKyVSqTrm9/rY3.k6DqMG1DOybLBlIVRsQFE9Xr9vfxfIG,Student,0
ObjectId(5f9f167a25ecc48b1f7ef172),12120002,Sissir,,Mitraa,12120002@college.co,$2a$12$/HJHifEvKyVSqTrm9/rY3.k6DqMG1DOybLBlIVRsQFE9Xr9vfxfIG,Student,0
ObjectId(5f9f167a25ecc48b1f7ef173),22100001,Sissy,,Sharma,22100001@college.co,$2a$12$/HJHifEvKyVSqTrm9/rY3.k6DqMG1DOybLBlIVRsQFE9Xr9vfxfIG,Teacher,0
ObjectId(5f9f167a25ecc48b1f7ef174),12120001,Madan,,Mitraa,12120001@college.co,$2a$12$/HJHifEvKyVSqTrm9/rY3.k6DqMG1DOybLBlIVRsQFE9Xr9vfxfIG,Student,0
ObjectId(5f9f167a25ecc48b1f7ef175),22100002,Sissy,,Mittal,22100002@college.co,$2a$12$/HJHifEvKyVSqTrm9/rY3.k6DqMG1DOybLBlIVRsQFE9Xr9vfxfIG,Teacher,0
ObjectId(5f9f167a25ecc48b1f7ef176),22100003,Laxmi,Narayan,Mittal,22100003@college.co,$2a$12$/HJHifEvKyVSqTrm9/rY3.k6DqMG1DOybLBlIVRsQFE9Xr9vfxfIG,Teacher,0
ObjectId(5f9f167a25ecc48b1f7ef177),22117001,Ramanujan,,,22117001@college.co,$2a$12$/HJHifEvKyVSqTrm9/rY3.k6DqMG1DOybLBlIVRsQFE9Xr9vfxfIG,Teacher,0
ObjectId(5f9f167a25ecc48b1f7ef178),22114001,Laxmi,,Mittal,22114001@college.co,$2a$12$/HJHifEvKyVSqTrm9/rY3.k6DqMG1DOybLBlIVRsQFE9Xr9vfxfIG,Teacher,0
ObjectId(5f9f167a25ecc48b1f7ef179),23100001,Pawan,,Singh,23100001@college.co,$2a$12$/HJHifEvKyVSqTrm9/rY3.k6DqMG1DOybLBlIVRsQFE9Xr9vfxfIG,Teacher,0
ObjectId(5f9f167a25ecc48b1f7ef17a),23100002,Monalisa,,,23100002@college.co,$2a$12$/HJHifEvKyVSqTrm9/rY3.k6DqMG1DOybLBlIVRsQFE9Xr9vfxfIG,Teacher,0
ObjectId(5f9f167a25ecc48b1f7ef17b),23101001,Akshara,,Singh,23101001@college.co,$2a$12$/HJHifEvKyVSqTrm9/rY3.k6DqMG1DOybLBlIVRsQFE9Xr9vfxfIG,Teacher,0
ObjectId(5f9f167a25ecc48b1f7ef17c),23108001,Amarpalli,,Dubey,23108001@college.co,$2a$12$/HJHifEvKyVSqTrm9/rY3.k6DqMG1DOybLBlIVRsQFE9Xr9vfxfIG,Teacher,0
ObjectId(5f9f167a25ecc48b1f7ef17d),13116001,Amarpalli,,Singh,13116001@college.co,$2a$12$/HJHifEvKyVSqTrm9/rY3.k6DqMG1DOybLBlIVRsQFE9Xr9vfxfIG,Student,0
ObjectId(5f9f167a25ecc48b1f7ef17e),13116002,Amarpalli,,Sharma,13116002@college.co,$2a$12$/HJHifEvKyVSqTrm9/rY3.k6DqMG1DOybLBlIVRsQFE9Xr9vfxfIG,Student,0
ObjectId(5f9f167a25ecc48b1f7ef17f),13116003,Amarpalli,,Verma,13116003@college.co,$2a$12$/HJHifEvKyVSqTrm9/rY3.k6DqMG1DOybLBlIVRsQFE9Xr9vfxfIG,Student,0
ObjectId(5f9f167a25ecc48b1f7ef180),11317001,Amarpalli,,Dakshan,11317001@college.co,$2a$12$/HJHifEvKyVSqTrm9/rY3.k6DqMG1DOybLBlIVRsQFE9Xr9vfxfIG,Student,0
ObjectId(5f9f167a25ecc48b1f7ef181),13117002,Amarpalli,,Khan,13117002@college.co,$2a$12$/HJHifEvKyVSqTrm9/rY3.k6DqMG1DOybLBlIVRsQFE9Xr9vfxfIG,Student,0
ObjectId(5f9f167a25ecc48b1f7ef182),13117003,Nirhauua,,Khan,13117003@college.co,$2a$12$/HJHifEvKyVSqTrm9/rY3.k6DqMG1DOybLBlIVRsQFE9Xr9vfxfIG,Student,0
ObjectId(5f9f167a25ecc48b1f7ef183),13117004,Nirhauua,,Asif,13117004@college.co,$2a$12$/HJHifEvKyVSqTrm9/rY3.k6DqMG1DOybLBlIVRsQFE9Xr9vfxfIG,Student,0
ObjectId(5f9f167a25ecc48b1f7ef184),13117005,Nirhauua,,Numan,13117005@college.co,$2a$12$/HJHifEvKyVSqTrm9/rY3.k6DqMG1DOybLBlIVRsQFE9Xr9vfxfIG,Student,0
ObjectId(5f9f167a25ecc48b1f7ef185),13117006,Nirhauua,,Shekh,13117006@college.co,$2a$12$/HJHifEvKyVSqTrm9/rY3.k6DqMG1DOybLBlIVRsQFE9Xr9vfxfIG,Student,0
ObjectId(5f9f167a25ecc48b1f7ef186),13118001,Nirhauua,,Saugard,13118001@college.co,$2a$12$/HJHifEvKyVSqTrm9/rY3.k6DqMG1DOybLBlIVRsQFE9Xr9vfxfIG,Student,0
ObjectId(5f9f167a25ecc48b1f7ef187),13118002,Nirhauua,,Alam,13118002@college.co,$2a$12$/HJHifEvKyVSqTrm9/rY3.k6DqMG1DOybLBlIVRsQFE9Xr9vfxfIG,Student,0
ObjectId(5f9f167a25ecc48b1f7ef188),13118003,Nirhauua,,Olom,13118003@college.co,$2a$12$/HJHifEvKyVSqTrm9/rY3.k6DqMG1DOybLBlIVRsQFE9Xr9vfxfIG,Student,0
ObjectId(5f9f167a25ecc48b1f7ef189),13118004,Binoy,,Olom,13118004@college.co,$2a$12$/HJHifEvKyVSqTrm9/rY3.k6DqMG1DOybLBlIVRsQFE9Xr9vfxfIG,Student,0
ObjectId(5f9f167a25ecc48b1f7ef18a),13119001,Mohammad,Nouman,Olom,13119001@college.co,$2a$12$/HJHifEvKyVSqTrm9/rY3.k6DqMG1DOybLBlIVRsQFE9Xr9vfxfIG,Student,0
ObjectId(5f9f167a25ecc48b1f7ef18b),13119002,Mohammad,Rahat,Khan,13119002@college.co,$2a$12$/HJHifEvKyVSqTrm9/rY3.k6DqMG1DOybLBlIVRsQFE9Xr9vfxfIG,Student,0
ObjectId(5f9f167a25ecc48b1f7ef18c),13217002,Mohammad,,Sheikh,13217002@college.co,$2a$12$/HJHifEvKyVSqTrm9/rY3.k6DqMG1DOybLBlIVRsQFE9Xr9vfxfIG,Student,0
ObjectId(5f9f167a25ecc48b1f7ef18d),13217001,Mohammad,Nouman,Alam,13217001@college.co,$2a$12$/HJHifEvKyVSqTrm9/rY3.k6DqMG1DOybLBlIVRsQFE9Xr9vfxfIG,Student,0
ObjectId(5f9f167a25ecc48b1f7ef18e),13217003,Mohammad,,Aftab,13217003@college.co,$2a$12$/HJHifEvKyVSqTrm9/rY3.k6DqMG1DOybLBlIVRsQFE9Xr9vfxfIG,Student,0
ObjectId(5f9f167a25ecc48b1f7ef18f),13217004,Mohammad,,Asghar,13217004@college.co,$2a$12$/HJHifEvKyVSqTrm9/rY3.k6DqMG1DOybLBlIVRsQFE9Xr9vfxfIG,Student,0
ObjectId(5f9f167a25ecc48b1f7ef190),13218001,Mohammad,,Hakim,13218001@college.co,$2a$12$/HJHifEvKyVSqTrm9/rY3.k6DqMG1DOybLBlIVRsQFE9Xr9vfxfIG,Student,0
ObjectId(5f9f167a25ecc48b1f7ef191),13218002,Mohammad,,Noor,13218002@college.co,$2a$12$/HJHifEvKyVSqTrm9/rY3.k6DqMG1DOybLBlIVRsQFE9Xr9vfxfIG,Student,0
ObjectId(5f9f167a25ecc48b1f7ef192),13218003,Mohammad,,Neem,13218003@college.co,$2a$12$/HJHifEvKyVSqTrm9/rY3.k6DqMG1DOybLBlIVRsQFE9Xr9vfxfIG,Student,0
ObjectId(5f9f167a25ecc48b1f7ef193),13219001,Mohammad,,Hakka,13219001@college.co,$2a$12$/HJHifEvKyVSqTrm9/rY3.k6DqMG1DOybLBlIVRsQFE9Xr9vfxfIG,Student,0
ObjectId(5f9f167a25ecc48b1f7ef194),13219002,Mohammad,,Ashiv,13219002@college.co,$2a$12$/HJHifEvKyVSqTrm9/rY3.k6DqMG1DOybLBlIVRsQFE9Xr9vfxfIG,Student,0
ObjectId(5f9f167a25ecc48b1f7ef195),23210001,Mohammad,,Amla,23210001@college.co,$2a$12$/HJHifEvKyVSqTrm9/rY3.k6DqMG1DOybLBlIVRsQFE9Xr9vfxfIG,Teacher,0
ObjectId(5f9f167a25ecc48b1f7ef196),23211001,Nirhauua,,Amla,23211001@college.co,$2a$12$/HJHifEvKyVSqTrm9/rY3.k6DqMG1DOybLBlIVRsQFE9Xr9vfxfIG,Teacher,0
ObjectId(5f9f167a25ecc48b1f7ef197),23220001,Hashim,,Amla,23220001@college.co,$2a$12$/HJHifEvKyVSqTrm9/rY3.k6DqMG1DOybLBlIVRsQFE9Xr9vfxfIG,Teacher,0
ObjectId(5f9f167a25ecc48b1f7ef198),13316001,Hashim,,Pradhan,13316001@college.co,$2a$12$/HJHifEvKyVSqTrm9/rY3.k6DqMG1DOybLBlIVRsQFE9Xr9vfxfIG,Student,0
ObjectId(5f9f167a25ecc48b1f7ef199),13316002,Hashim,Zenith,Jones,13316002@college.co,$2a$12$/HJHifEvKyVSqTrm9/rY3.k6DqMG1DOybLBlIVRsQFE9Xr9vfxfIG,Student,0
ObjectId(5f9f167a25ecc48b1f7ef19a),13316003,Hashawr,,Jacob,13316003@college.co,$2a$12$/HJHifEvKyVSqTrm9/rY3.k6DqMG1DOybLBlIVRsQFE9Xr9vfxfIG,Student,0
ObjectId(5f9f167a25ecc48b1f7ef19b),13316004,Hashawr,,Garg,13316004@college.co,$2a$12$/HJHifEvKyVSqTrm9/rY3.k6DqMG1DOybLBlIVRsQFE9Xr9vfxfIG,Student,0
ObjectId(5f9f167a25ecc48b1f7ef19c),13317001,Hashawr,,Jacobs,13317001@college.co,$2a$12$/HJHifEvKyVSqTrm9/rY3.k6DqMG1DOybLBlIVRsQFE9Xr9vfxfIG,Student,0
ObjectId(5f9f167a25ecc48b1f7ef19d),13317002,Hashawr,,Jon,13317002@college.co,$2a$12$/HJHifEvKyVSqTrm9/rY3.k6DqMG1DOybLBlIVRsQFE9Xr9vfxfIG,Student,0
ObjectId(5f9f167a25ecc48b1f7ef19e),13317003,Hashawr,,Narang,13317003@college.co,$2a$12$/HJHifEvKyVSqTrm9/rY3.k6DqMG1DOybLBlIVRsQFE9Xr9vfxfIG,Student,0
ObjectId(5f9f167a25ecc48b1f7ef19f),13317004,Hashim,,Zaranj,13317004@college.co,$2a$12$/HJHifEvKyVSqTrm9/rY3.k6DqMG1DOybLBlIVRsQFE9Xr9vfxfIG,Student,0
ObjectId(5f9f167a25ecc48b1f7ef1a0),13317005,Hashim,,Tyagi,13317005@college.co,$2a$12$/HJHifEvKyVSqTrm9/rY3.k6DqMG1DOybLBlIVRsQFE9Xr9vfxfIG,Student,0
ObjectId(5f9f167a25ecc48b1f7ef1a1),13317006,Hashim,,Ghose,13317006@college.co,$2a$12$/HJHifEvKyVSqTrm9/rY3.k6DqMG1DOybLBlIVRsQFE9Xr9vfxfIG,Student,0
ObjectId(5f9f167a25ecc48b1f7ef1a2),13318002,Hashim,,Singh,13318002@college.co,$2a$12$/HJHifEvKyVSqTrm9/rY3.k6DqMG1DOybLBlIVRsQFE9Xr9vfxfIG,Student,0
ObjectId(5f9f167a25ecc48b1f7ef1a3),13318003,Hashim,,Pillai,13318003@college.co,$2a$12$/HJHifEvKyVSqTrm9/rY3.k6DqMG1DOybLBlIVRsQFE9Xr9vfxfIG,Student,0
ObjectId(5f9f167a25ecc48b1f7ef1a4),13318001,Hashim,,Mondal,13318001@college.co,$2a$12$/HJHifEvKyVSqTrm9/rY3.k6DqMG1DOybLBlIVRsQFE9Xr9vfxfIG,Student,0
ObjectId(5f9f167a25ecc48b1f7ef1a5),13319001,Hashim,,Chowdhury,13319001@college.co,$2a$12$/HJHifEvKyVSqTrm9/rY3.k6DqMG1DOybLBlIVRsQFE9Xr9vfxfIG,Student,0
ObjectId(5f9f167a25ecc48b1f7ef1a6),13319002,Shilpa,,Pradhan,13319002@college.co,$2a$12$/HJHifEvKyVSqTrm9/rY3.k6DqMG1DOybLBlIVRsQFE9Xr9vfxfIG,Student,0
ObjectId(5f9f167a25ecc48b1f7ef1a7),13319003,Shilpa,,Jones,13319003@college.co,$2a$12$/HJHifEvKyVSqTrm9/rY3.k6DqMG1DOybLBlIVRsQFE9Xr9vfxfIG,Student,0
ObjectId(5f9f167a25ecc48b1f7ef1a8),13319004,Shilpa,,Jacob,13319004@college.co,$2a$12$/HJHifEvKyVSqTrm9/rY3.k6DqMG1DOybLBlIVRsQFE9Xr9vfxfIG,Student,0
ObjectId(5f9f167a25ecc48b1f7ef1a9),13319005,Shilpa,,Garg,13319005@college.co,$2a$12$/HJHifEvKyVSqTrm9/rY3.k6DqMG1DOybLBlIVRsQFE9Xr9vfxfIG,Student,0
ObjectId(5f9f167a25ecc48b1f7ef1aa),13320001,Shilpa,,Jacobs,13320001@college.co,$2a$12$/HJHifEvKyVSqTrm9/rY3.k6DqMG1DOybLBlIVRsQFE9Xr9vfxfIG,Student,0
ObjectId(5f9f167a25ecc48b1f7ef1ab),13320002,Shilpa,,Jon,13320002@college.co,$2a$12$/HJHifEvKyVSqTrm9/rY3.k6DqMG1DOybLBlIVRsQFE9Xr9vfxfIG,Student,0
ObjectId(5f9f167a25ecc48b1f7ef1ac),13320003,Shilpi,,Narang,13320003@college.co,$2a$12$/HJHifEvKyVSqTrm9/rY3.k6DqMG1DOybLBlIVRsQFE9Xr9vfxfIG,Student,0
ObjectId(5f9f167a25ecc48b1f7ef1ad),13320004,Shilpi,,Zaranj,13320004@college.co,$2a$12$/HJHifEvKyVSqTrm9/rY3.k6DqMG1DOybLBlIVRsQFE9Xr9vfxfIG,Student,0
ObjectId(5f9f167a25ecc48b1f7ef1ae),23300001,Shilpi,,Ghose,23300001@college.co,$2a$12$/HJHifEvKyVSqTrm9/rY3.k6DqMG1DOybLBlIVRsQFE9Xr9vfxfIG,Teacher,0
ObjectId(5f9f167a25ecc48b1f7ef1af),23320001,Shilpi,,Tyagi,23320001@college.co,$2a$12$/HJHifEvKyVSqTrm9/rY3.k6DqMG1DOybLBlIVRsQFE9Xr9vfxfIG,Teacher,0
ObjectId(5f9f167a25ecc48b1f7ef1b0),23300002,Shilpi,,Mondal,23300002@college.co,$2a$12$/HJHifEvKyVSqTrm9/rY3.k6DqMG1DOybLBlIVRsQFE9Xr9vfxfIG,Teacher,0
ObjectId(5f9f167a25ecc48b1f7ef1b1),13416001,Irfan,,Shukla,13416001@college.co,$2a$12$/HJHifEvKyVSqTrm9/rY3.k6DqMG1DOybLBlIVRsQFE9Xr9vfxfIG,Student,0
ObjectId(5f9f167a25ecc48b1f7ef1b2),13416002,Gajendra,,Shukla,13416002@college.co,$2a$12$/HJHifEvKyVSqTrm9/rY3.k6DqMG1DOybLBlIVRsQFE9Xr9vfxfIG,Student,0
ObjectId(5f9f167a25ecc48b1f7ef1b3),23307001,Shilpi,,Singh,23307001@college.co,$2a$12$/HJHifEvKyVSqTrm9/rY3.k6DqMG1DOybLBlIVRsQFE9Xr9vfxfIG,Teacher,0
ObjectId(5f9f167a25ecc48b1f7ef1b4),13416003,Vikas,,Shukla,13416003@college.co,$2a$12$/HJHifEvKyVSqTrm9/rY3.k6DqMG1DOybLBlIVRsQFE9Xr9vfxfIG,Student,0
ObjectId(5f9f167a25ecc48b1f7ef1b5),13417001,Sheetal,,Shukla,13417001@college.co,$2a$12$/HJHifEvKyVSqTrm9/rY3.k6DqMG1DOybLBlIVRsQFE9Xr9vfxfIG,Student,0
ObjectId(5f9f167a25ecc48b1f7ef1b6),13416004,Pramod,,Shukla,13416004@college.co,$2a$12$/HJHifEvKyVSqTrm9/rY3.k6DqMG1DOybLBlIVRsQFE9Xr9vfxfIG,Student,0
ObjectId(5f9f167a25ecc48b1f7ef1b7),13417002,Soham,,Shukla,13417002@college.co,$2a$12$/HJHifEvKyVSqTrm9/rY3.k6DqMG1DOybLBlIVRsQFE9Xr9vfxfIG,Student,0
ObjectId(5f9f167a25ecc48b1f7ef1b8),13417003,Mohammed,,Arbaaz,13417003@college.co,$2a$12$/HJHifEvKyVSqTrm9/rY3.k6DqMG1DOybLBlIVRsQFE9Xr9vfxfIG,Student,0
ObjectId(5f9f167a25ecc48b1f7ef1b9),13417004,Zorawar,,Kaashif,13417004@college.co,$2a$12$/HJHifEvKyVSqTrm9/rY3.k6DqMG1DOybLBlIVRsQFE9Xr9vfxfIG,Student,0
ObjectId(5f9f167a25ecc48b1f7ef1ba),13417005,Pritam,,Shukla,13417005@college.co,$2a$12$/HJHifEvKyVSqTrm9/rY3.k6DqMG1DOybLBlIVRsQFE9Xr9vfxfIG,Student,0
ObjectId(5f9f167a25ecc48b1f7ef1bb),13418001,Payel,,Shukla,13418001@college.co,$2a$12$/HJHifEvKyVSqTrm9/rY3.k6DqMG1DOybLBlIVRsQFE9Xr9vfxfIG,Student,0
ObjectId(5f9f167a25ecc48b1f7ef1bc),13418002,Ketan,,Shukla,13418002@college.co,$2a$12$/HJHifEvKyVSqTrm9/rY3.k6DqMG1DOybLBlIVRsQFE9Xr9vfxfIG,Student,0
ObjectId(5f9f167a25ecc48b1f7ef1bd),13418003,Shreya,,Shukla,13418003@college.co,$2a$12$/HJHifEvKyVSqTrm9/rY3.k6DqMG1DOybLBlIVRsQFE9Xr9vfxfIG,Student,0
ObjectId(5f9f167a25ecc48b1f7ef1be),23411001,Shantilal,,Shukla,23411001@college.co,$2a$12$/HJHifEvKyVSqTrm9/rY3.k6DqMG1DOybLBlIVRsQFE9Xr9vfxfIG,Teacher,0
ObjectId(5f9f167a25ecc48b1f7ef1bf),23415001,Mousumi,,Shukla,23415001@college.co,$2a$12$/HJHifEvKyVSqTrm9/rY3.k6DqMG1DOybLBlIVRsQFE9Xr9vfxfIG,Teacher,0
ObjectId(5f9f167a25ecc48b1f7ef1c0),23419001,Jhulan,,Shukla,23419001@college.co,$2a$12$/HJHifEvKyVSqTrm9/rY3.k6DqMG1DOybLBlIVRsQFE9Xr9vfxfIG,Teacher,0
ObjectId(5f9f167a25ecc48b1f7ef1c1),12216001,Piu,Priya,Shukla,12216001@college.co,$2a$12$/HJHifEvKyVSqTrm9/rY3.k6DqMG1DOybLBlIVRsQFE9Xr9vfxfIG,Student,0
ObjectId(5f9f167a25ecc48b1f7ef1c2),12216002,Meryl,,Shukla,12216002@college.co,$2a$12$/HJHifEvKyVSqTrm9/rY3.k6DqMG1DOybLBlIVRsQFE9Xr9vfxfIG,Student,0
ObjectId(5f9f167a25ecc48b1f7ef1c3),12216003,Stephen,,Shukla,12216003@college.co,$2a$12$/HJHifEvKyVSqTrm9/rY3.k6DqMG1DOybLBlIVRsQFE9Xr9vfxfIG,Student,0
ObjectId(5f9f167a25ecc48b1f7ef1c4),12216004,Pulkit,,Shukla,12216004@college.co,$2a$12$/HJHifEvKyVSqTrm9/rY3.k6DqMG1DOybLBlIVRsQFE9Xr9vfxfIG,Student,0
ObjectId(5f9f167a25ecc48b1f7ef1c5),12216005,Karl,,Shukla,12216005@college.co,$2a$12$/HJHifEvKyVSqTrm9/rY3.k6DqMG1DOybLBlIVRsQFE9Xr9vfxfIG,Student,0
ObjectId(5f9f167a25ecc48b1f7ef1c6),12217001,Theodore,,Shukla,12217001@college.co,$2a$12$/HJHifEvKyVSqTrm9/rY3.k6DqMG1DOybLBlIVRsQFE9Xr9vfxfIG,Student,0
ObjectId(5f9f167a25ecc48b1f7ef1c7),12217003,Gagan,,Shukla,12217003@college.co,$2a$12$/HJHifEvKyVSqTrm9/rY3.k6DqMG1DOybLBlIVRsQFE9Xr9vfxfIG,Student,0
ObjectId(5f9f167a25ecc48b1f7ef1c8),12217002,Seema,,Shukla,12217002@college.co,$2a$12$/HJHifEvKyVSqTrm9/rY3.k6DqMG1DOybLBlIVRsQFE9Xr9vfxfIG,Student,0
ObjectId(5f9f167a25ecc48b1f7ef1c9),12218001,Rahul,,Shukla,12218001@college.co,$2a$12$/HJHifEvKyVSqTrm9/rY3.k6DqMG1DOybLBlIVRsQFE9Xr9vfxfIG,Student,0
ObjectId(5f9f167a25ecc48b1f7ef1ca),12219001,Sheetal,,Varghese,12219001@college.co,$2a$12$/HJHifEvKyVSqTrm9/rY3.k6DqMG1DOybLBlIVRsQFE9Xr9vfxfIG,Student,0
ObjectId(5f9f167a25ecc48b1f7ef1cb),12219002,Soham,,Fernandez,12219002@college.co,$2a$12$/HJHifEvKyVSqTrm9/rY3.k6DqMG1DOybLBlIVRsQFE9Xr9vfxfIG,Student,0
ObjectId(5f9f167a25ecc48b1f7ef1cc),12220001,Mohammed,,Derozio,12220001@college.co,$2a$12$/HJHifEvKyVSqTrm9/rY3.k6DqMG1DOybLBlIVRsQFE9Xr9vfxfIG,Student,0
ObjectId(5f9f167a25ecc48b1f7ef1cd),22220001,Zorawar,,Alphonso,22220001@college.co,$2a$12$/HJHifEvKyVSqTrm9/rY3.k6DqMG1DOybLBlIVRsQFE9Xr9vfxfIG,Teacher,0
ObjectId(5f9f167a25ecc48b1f7ef1ce),22219001,Pritam,,Shukla,22219001@college.co,$2a$12$/HJHifEvKyVSqTrm9/rY3.k6DqMG1DOybLBlIVRsQFE9Xr9vfxfIG,Teacher,0
ObjectId(5f9f167a25ecc48b1f7ef1cf),22213001,Payel,,Varghese,22213001@college.co,$2a$12$/HJHifEvKyVSqTrm9/rY3.k6DqMG1DOybLBlIVRsQFE9Xr9vfxfIG,Teacher,0
ObjectId(5f9f167a25ecc48b1f7ef1d0),12316001,Ketan,Joshua,Fernandez,12316001@college.co,$2a$12$/HJHifEvKyVSqTrm9/rY3.k6DqMG1DOybLBlIVRsQFE9Xr9vfxfIG,Student,0
ObjectId(5f9f167a25ecc48b1f7ef1d1),12317001,Shreya,,Derozio,12317001@college.co,$2a$12$/HJHifEvKyVSqTrm9/rY3.k6DqMG1DOybLBlIVRsQFE9Xr9vfxfIG,Student,0
ObjectId(5f9f167a25ecc48b1f7ef1d2),12317002,Raghav,Jethalal,Chaddha,12317002@college.co,$2a$12$/HJHifEvKyVSqTrm9/rY3.k6DqMG1DOybLBlIVRsQFE9Xr9vfxfIG,Student,0
ObjectId(5f9f167a25ecc48b1f7ef1d3),12317003,Mousumi,,Chatterjee,12317003@college.co,$2a$12$/HJHifEvKyVSqTrm9/rY3.k6DqMG1DOybLBlIVRsQFE9Xr9vfxfIG,Student,0
ObjectId(5f9f167a25ecc48b1f7ef1d4),12317004,Jhulan,,Varghese,12317004@college.co,$2a$12$/HJHifEvKyVSqTrm9/rY3.k6DqMG1DOybLBlIVRsQFE9Xr9vfxfIG,Student,0
ObjectId(5f9f167a25ecc48b1f7ef1d5),12318001,Pontius,,Fernandez,12318001@college.co,$2a$12$/HJHifEvKyVSqTrm9/rY3.k6DqMG1DOybLBlIVRsQFE9Xr9vfxfIG,Student,0
ObjectId(5f9f167a25ecc48b1f7ef1d6),12318002,Meryl,,Derozio,12318002@college.co,$2a$12$/HJHifEvKyVSqTrm9/rY3.k6DqMG1DOybLBlIVRsQFE9Xr9vfxfIG,Student,0
ObjectId(5f9f167a25ecc48b1f7ef1d7),12318004,Pulkit,Lalit,Shukla,12318004@college.co,$2a$12$/HJHifEvKyVSqTrm9/rY3.k6DqMG1DOybLBlIVRsQFE9Xr9vfxfIG,Student,0
ObjectId(5f9f167a25ecc48b1f7ef1d8),12318003,Stephen,,Alphonso,12318003@college.co,$2a$12$/HJHifEvKyVSqTrm9/rY3.k6DqMG1DOybLBlIVRsQFE9Xr9vfxfIG,Student,0
ObjectId(5f9f167a25ecc48b1f7ef1d9),12319001,Karl,,Varghese,12319001@college.co,$2a$12$/HJHifEvKyVSqTrm9/rY3.k6DqMG1DOybLBlIVRsQFE9Xr9vfxfIG,Student,0
ObjectId(5f9f167a25ecc48b1f7ef1da),12320001,Seema,,Derozio,12320001@college.co,$2a$12$/HJHifEvKyVSqTrm9/rY3.k6DqMG1DOybLBlIVRsQFE9Xr9vfxfIG,Student,0
ObjectId(5f9f167a25ecc48b1f7ef1db),22320001,Gagan,Vijay,Alphonso,22320001@college.co,$2a$12$/HJHifEvKyVSqTrm9/rY3.k6DqMG1DOybLBlIVRsQFE9Xr9vfxfIG,Teacher,0
ObjectId(5f9f167a25ecc48b1f7ef1dc),12319002,Theodore,,Fernandez,12319002@college.co,$2a$12$/HJHifEvKyVSqTrm9/rY3.k6DqMG1DOybLBlIVRsQFE9Xr9vfxfIG,Student,0
ObjectId(5f9f167a25ecc48b1f7ef1dd),22310001,Tulip,,Dan,22310001@college.co,$2a$12$/HJHifEvKyVSqTrm9/rY3.k6DqMG1DOybLBlIVRsQFE9Xr9vfxfIG,Teacher,0
ObjectId(5f9f167a25ecc48b1f7ef1de),22300001,Dan,,Brown,22300001@college.co,$2a$12$/HJHifEvKyVSqTrm9/rY3.k6DqMG1DOybLBlIVRsQFE9Xr9vfxfIG,Teacher,0
ObjectId(5f9f167a25ecc48b1f7ef1df),22390001,Sai,Venkatraman,Raghavan,22390001@college.co,$2a$12$/HJHifEvKyVSqTrm9/rY3.k6DqMG1DOybLBlIVRsQFE9Xr9vfxfIG,Teacher,0
ObjectId(5fab29aac12e8d379db1f54a),55550001,Librarian," "," "," ",$2a$12$/HJHifEvKyVSqTrm9/rY3.k6DqMG1DOybLBlIVRsQFE9Xr9vfxfIG,Librarian,
